pretraitement,classification,classifieur,kfold,size,testsize,seed,accuracy,matrice,recall,precision,fmesure
FFTFT,VraiFaux_Other,KNN,"KFold(n_splits=3, random_state=30, shuffle=True)",0.3,0.7,30,0.5844499415927987,"[[16.         33.33333333]
 [ 7.66666667 41.66666667]]","{'truefalse': 0.8498133387145597, 'other': 0.32840177133655396}","{'truefalse': 0.5595784122615908, 'other': 0.6900970766988422}","{'truefalse': 0.6711486518730613, 'other': 0.4346076458752515}"
FFTTF,VraiFaux_Other,KNN,"KFold(n_splits=3, random_state=30, shuffle=True)",0.3,0.7,30,0.570947570947571,"[[23.         26.33333333]
 [16.         33.33333333]]","{'truefalse': 0.6803159228242469, 'other': 0.46943773483628554}","{'truefalse': 0.5609193438140806, 'other': 0.5979374307862679}","{'truefalse': 0.6113282356273011, 'other': 0.520858985975265}"
FFTTT,VraiFaux_Other,KNN,"KFold(n_splits=3, random_state=30, shuffle=True)",0.3,0.7,30,0.6283240568954854,"[[28.33333333 21.        ]
 [15.66666667 33.66666667]]","{'truefalse': 0.6888249868272066, 'other': 0.5798778851315083}","{'truefalse': 0.6208871290193599, 'other': 0.6614908919809102}","{'truefalse': 0.6434210777847871, 'other': 0.6070231233021931}"
FTFFF,VraiFaux_Other,KNN,"KFold(n_splits=3, random_state=30, shuffle=True)",0.3,0.7,30,0.5877482306053734,"[[13.         36.33333333]
 [ 4.33333333 45.        ]]","{'truefalse': 0.9177457146380564, 'other': 0.2689881910896404}","{'truefalse': 0.5601907670873189, 'other': 0.8055555555555555}","{'truefalse': 0.6892596410674795, 'other': 0.3699030926879028}"
FTFFT,VraiFaux_Other,KNN,"KFold(n_splits=3, random_state=30, shuffle=True)",0.3,0.7,30,0.5575826290112005,"[[21.         28.33333333]
 [15.33333333 34.        ]]","{'truefalse': 0.7001199565017545, 'other': 0.4291800858829844}","{'truefalse': 0.5464452958705833, 'other': 0.6164643965280233}","{'truefalse': 0.606414818179524, 'other': 0.49029625670337573}"
FTFTF,VraiFaux_Other,KNN,"KFold(n_splits=3, random_state=30, shuffle=True)",0.3,0.7,30,0.5809798666941525,"[[25.66666667 23.66666667]
 [17.66666667 31.66666667]]","{'truefalse': 0.6445167546721375, 'other': 0.5257313472893183}","{'truefalse': 0.576923076923077, 'other': 0.5959416863672183}","{'truefalse': 0.60489304105351, 'other': 0.5536942715210966}"
FTFTT,VraiFaux_Other,KNN,"KFold(n_splits=3, random_state=30, shuffle=True)",0.3,0.7,30,0.6250944822373393,"[[28.33333333 21.        ]
 [16.         33.33333333]]","{'truefalse': 0.6821489030146078, 'other': 0.5765230810520666}","{'truefalse': 0.6152415087898958, 'other': 0.6521676715475165}","{'truefalse': 0.6410430250225992, 'other': 0.6047783407994908}"
FTTFF,VraiFaux_Other,KNN,"KFold(n_splits=3, random_state=30, shuffle=True)",0.3,0.7,30,0.5606747749604892,"[[14.         35.33333333]
 [ 8.         41.33333333]]","{'truefalse': 0.8372851713584234, 'other': 0.2849235104669887}","{'truefalse': 0.539273861231763, 'other': 0.6382057839858352}","{'truefalse': 0.6547578095565711, 'other': 0.39083879083879086}"
FTTFT,VraiFaux_Other,KNN,"KFold(n_splits=3, random_state=30, shuffle=True)",0.3,0.7,30,0.5405414691128977,"[[ 9.         40.33333333]
 [ 5.         44.33333333]]","{'truefalse': 0.8979949326786175, 'other': 0.17850912506709607}","{'truefalse': 0.5226203545714676, 'other': 0.6218766613503456}","{'truefalse': 0.6605546906532895, 'other': 0.2758070976528078}"
FTTTF,VraiFaux_Other,KNN,"KFold(n_splits=3, random_state=30, shuffle=True)",0.3,0.7,30,0.5708788565931423,"[[23.66666667 25.66666667]
 [16.66666667 32.66666667]]","{'truefalse': 0.6675439186537965, 'other': 0.4862453032742888}","{'truefalse': 0.5623624358033749, 'other': 0.6042392566782812}","{'truefalse': 0.6029746180122121, 'other': 0.5270385945238762}"
FTTTT,VraiFaux_Other,KNN,"KFold(n_splits=3, random_state=30, shuffle=True)",0.3,0.7,30,0.6116951831237546,"[[30.33333333 19.        ]
 [19.33333333 30.        ]]","{'truefalse': 0.6156431125909484, 'other': 0.6155394524959742}","{'truefalse': 0.6131038273895416, 'other': 0.6184848484848485}","{'truefalse': 0.6102629917946559, 'other': 0.6129857883747558}"
TFFFF,VraiFaux_Other,KNN,"KFold(n_splits=3, random_state=30, shuffle=True)",0.3,0.7,30,0.561875806154413,"[[32.66666667 34.66666667]
 [24.33333333 43.        ]]","{'truefalse': 0.6407443416719221, 'other': 0.4869747899159664}","{'truefalse': 0.5552145931892768, 'other': 0.5886904761904761}","{'truefalse': 0.585502251723714, 'other': 0.5175032175032175}"
TFFFT,VraiFaux_Other,KNN,"KFold(n_splits=3, random_state=30, shuffle=True)",0.3,0.7,30,0.5815367606412383,"[[29.66666667 37.66666667]
 [18.66666667 48.66666667]]","{'truefalse': 0.7251824066288277, 'other': 0.44497549019607846}","{'truefalse': 0.570526864893062, 'other': 0.6145833333333334}","{'truefalse': 0.6337204902239839, 'other': 0.5069832888072577}"
TFFTF,VraiFaux_Other,KNN,"KFold(n_splits=3, random_state=30, shuffle=True)",0.3,0.7,30,0.6411092684724525,"[[42.33333333 25.        ]
 [23.33333333 44.        ]]","{'truefalse': 0.6564186111695046, 'other': 0.6296481092436975}","{'truefalse': 0.6400316455696203, 'other': 0.6495091762697397}","{'truefalse': 0.6450748761181331, 'other': 0.6358888000710542}"
TFFTT,VraiFaux_Other,KNN,"KFold(n_splits=3, random_state=30, shuffle=True)",0.3,0.7,30,0.5892021374608439,"[[42.         25.33333333]
 [30.         37.33333333]]","{'truefalse': 0.554864322752435, 'other': 0.6225402661064425}","{'truefalse': 0.5953964458734213, 'other': 0.582932003210641}","{'truefalse': 0.5741890959282263, 'other': 0.6019052022573149}"
TFTFF,VraiFaux_Other,KNN,"KFold(n_splits=3, random_state=30, shuffle=True)",0.3,0.7,30,0.5543394140409066,"[[26.33333333 41.        ]
 [19.         48.33333333]]","{'truefalse': 0.7202992519795389, 'other': 0.39373249299719887}","{'truefalse': 0.5470388935301216, 'other': 0.5787040587638793}","{'truefalse': 0.6170061746205783, 'other': 0.4554618851991327}"
TFTFT,VraiFaux_Other,KNN,"KFold(n_splits=3, random_state=30, shuffle=True)",0.3,0.7,30,0.5990786806707206,"[[29.66666667 37.66666667]
 [16.33333333 51.        ]]","{'truefalse': 0.7574385992572349, 'other': 0.4397846638655462}","{'truefalse': 0.5748919937494255, 'other': 0.6439949969761943}","{'truefalse': 0.6536227103810717, 'other': 0.5226335351253567}"
TFTTF,VraiFaux_Other,KNN,"KFold(n_splits=3, random_state=30, shuffle=True)",0.3,0.7,30,0.5469688594066703,"[[37.         30.33333333]
 [30.66666667 36.66666667]]","{'truefalse': 0.5430484023544251, 'other': 0.5510766806722689}","{'truefalse': 0.5492470492470493, 'other': 0.5454335914862231}","{'truefalse': 0.5442033436820347, 'other': 0.546165577342048}"
TFTTT,VraiFaux_Other,KNN,"KFold(n_splits=3, random_state=30, shuffle=True)",0.3,0.7,30,0.6065413672378847,"[[44.66666667 22.66666667]
 [30.33333333 37.        ]]","{'truefalse': 0.5522234776820124, 'other': 0.6640406162464986}","{'truefalse': 0.6199068453585342, 'other': 0.599521622655951}","{'truefalse': 0.5817213421251836, 'other': 0.6281612579482793}"
TTFFF,VraiFaux_Other,KNN,"KFold(n_splits=3, random_state=30, shuffle=True)",0.3,0.7,30,0.5693937718813341,"[[20.66666667 46.66666667]
 [11.33333333 56.        ]]","{'truefalse': 0.8328570615233691, 'other': 0.3057685574229692}","{'truefalse': 0.5452596702111265, 'other': 0.6469534050179211}","{'truefalse': 0.6588187261839956, 'other': 0.4149055475677706}"
TTFFT,VraiFaux_Other,KNN,"KFold(n_splits=3, random_state=30, shuffle=True)",0.3,0.7,30,0.5619310853141699,"[[30.66666667 36.66666667]
 [22.33333333 45.        ]]","{'truefalse': 0.6684469378459813, 'other': 0.4565563725490196}","{'truefalse': 0.5457897569785048, 'other': 0.5948712818460717}","{'truefalse': 0.5979322723309793, 'other': 0.5113222280062467}"
TTFTF,VraiFaux_Other,KNN,"KFold(n_splits=3, random_state=30, shuffle=True)",0.3,0.7,30,0.5667772249861801,"[[36.33333333 31.        ]
 [27.33333333 40.        ]]","{'truefalse': 0.5957864725667438, 'other': 0.5410539215686274}","{'truefalse': 0.5636455654131306, 'other': 0.5752991281257264}","{'truefalse': 0.5768602225422605, 'other': 0.5550318901952044}"
TTFTT,VraiFaux_Other,KNN,"KFold(n_splits=3, random_state=30, shuffle=True)",0.3,0.7,30,0.5668140777593514,"[[37.66666667 29.66666667]
 [28.66666667 38.66666667]]","{'truefalse': 0.5755586066148132, 'other': 0.5599089635854342}","{'truefalse': 0.5669710806697109, 'other': 0.5687019878039122}","{'truefalse': 0.5701845855514699, 'other': 0.5631706166849115}"
TTTFF,VraiFaux_Other,KNN,"KFold(n_splits=3, random_state=30, shuffle=True)",0.3,0.7,30,0.5718629076838032,"[[30.66666667 36.66666667]
 [21.         46.33333333]]","{'truefalse': 0.6882083858874641, 'other': 0.4544905462184874}","{'truefalse': 0.5571505134758147, 'other': 0.5949981336319522}","{'truefalse': 0.6154941525515, 'other': 0.5148233191869556}"
TTTFT,VraiFaux_Other,KNN,"KFold(n_splits=3, random_state=30, shuffle=True)",0.3,0.7,30,0.5594988022848719,"[[30.33333333 37.        ]
 [22.33333333 45.        ]]","{'truefalse': 0.6725571088220867, 'other': 0.4513480392156863}","{'truefalse': 0.5483380270614314, 'other': 0.5902502157031925}","{'truefalse': 0.6010184781027208, 'other': 0.5056969696969696}"
TTTTF,VraiFaux_Other,KNN,"KFold(n_splits=3, random_state=30, shuffle=True)",0.3,0.7,30,0.5619495117007555,"[[37.         30.33333333]
 [28.66666667 38.66666667]]","{'truefalse': 0.5758859750543059, 'other': 0.5509366246498599}","{'truefalse': 0.5652840630494733, 'other': 0.5628170065850087}","{'truefalse': 0.567188797723149, 'other': 0.5532214225884203}"
TTTTT,VraiFaux_Other,KNN,"KFold(n_splits=3, random_state=30, shuffle=True)",0.3,0.7,30,0.5718813340703888,"[[39.         28.33333333]
 [29.33333333 38.        ]]","{'truefalse': 0.566915641861117, 'other': 0.5803483893557423}","{'truefalse': 0.5747912763939961, 'other': 0.5733225108225107}","{'truefalse': 0.5684335317011169, 'other': 0.5746012041661454}"
FFFFF,VraiFaux_Other,CART,"KFold(n_splits=3, random_state=30, shuffle=True)",0.3,0.7,30,0.5439771868343297,"[[27.         22.33333333]
 [22.66666667 26.66666667]]","{'truefalse': 0.5419119048419825, 'other': 0.5467324208266238}","{'truefalse': 0.5433937805093304, 'other': 0.5458683473389355}","{'truefalse': 0.5400217066883733, 'other': 0.5436663554310613}"
FFFFT,VraiFaux_Other,CART,"KFold(n_splits=3, random_state=30, shuffle=True)",0.3,0.7,30,0.5810829382257953,"[[28.66666667 20.66666667]
 [20.66666667 28.66666667]]","{'truefalse': 0.5817273736252648, 'other': 0.5820585077831454}","{'truefalse': 0.5819443980538206, 'other': 0.5811789527594998}","{'truefalse': 0.5805546855969655, 'other': 0.5803823011064416}"
FFFTF,VraiFaux_Other,CART,"KFold(n_splits=3, random_state=30, shuffle=True)",0.3,0.7,30,0.5372775372775372,"[[28.33333333 21.        ]
 [24.66666667 24.66666667]]","{'truefalse': 0.5066088184845121, 'other': 0.577126945786366}","{'truefalse': 0.5416379557852427, 'other': 0.5426296866974832}","{'truefalse': 0.5179334554334555, 'other': 0.5541680846793546}"
FFFTT,VraiFaux_Other,CART,"KFold(n_splits=3, random_state=30, shuffle=True)",0.3,0.7,30,0.5541812684669828,"[[29.         20.33333333]
 [23.66666667 25.66666667]]","{'truefalse': 0.5246835726857925, 'other': 0.5880971551261406}","{'truefalse': 0.5584812316208269, 'other': 0.5543582375478927}","{'truefalse': 0.5381560283687944, 'other': 0.5681643726673059}"
FFTFF,VraiFaux_Other,CART,"KFold(n_splits=3, random_state=30, shuffle=True)",0.3,0.7,30,0.588023088023088,"[[29.         20.33333333]
 [20.33333333 29.        ]]","{'truefalse': 0.5942022892633325, 'other': 0.5882313472893183}","{'truefalse': 0.5890564916647048, 'other': 0.5933501683501684}","{'truefalse': 0.5881679132133953, 'other': 0.5874629129579624}"
FFTFT,VraiFaux_Other,CART,"KFold(n_splits=3, random_state=30, shuffle=True)",0.3,0.7,30,0.5406788978217549,"[[28.66666667 20.66666667]
 [24.66666667 24.66666667]]","{'truefalse': 0.5047225865760827, 'other': 0.5806830381105743}","{'truefalse': 0.5415784688125114, 'other': 0.5428237961851407}","{'truefalse': 0.5194968612962586, 'other': 0.5585529342385985}"
FFTTF,VraiFaux_Other,CART,"KFold(n_splits=3, random_state=30, shuffle=True)",0.3,0.7,30,0.584587370301656,"[[30.66666667 18.66666667]
 [22.33333333 27.        ]]","{'truefalse': 0.5461748450094731, 'other': 0.6171162104133119}","{'truefalse': 0.5913034188034189, 'other': 0.5742997764077383}","{'truefalse': 0.5677274164816567, 'other': 0.5949135823378953}"
FFTTT,VraiFaux_Other,CART,"KFold(n_splits=3, random_state=30, shuffle=True)",0.3,0.7,30,0.5842781557067273,"[[31.33333333 18.        ]
 [23.         26.33333333]]","{'truefalse': 0.5331029495846366, 'other': 0.6403650026838433}","{'truefalse': 0.5991832779623477, 'other': 0.5767919799498746}","{'truefalse': 0.5616648002986189, 'other': 0.6046178740353497}"
FTFFF,VraiFaux_Other,CART,"KFold(n_splits=3, random_state=30, shuffle=True)",0.3,0.7,30,0.5305091733663162,"[[27.66666667 21.66666667]
 [24.66666667 24.66666667]]","{'truefalse': 0.5016564087041334, 'other': 0.558641975308642}","{'truefalse': 0.5320724980299448, 'other': 0.5281809385582971}","{'truefalse': 0.5159581135825116, 'other': 0.5425061987411787}"
FTFFT,VraiFaux_Other,CART,"KFold(n_splits=3, random_state=30, shuffle=True)",0.3,0.7,30,0.5877138734281592,"[[31.         18.33333333]
 [22.33333333 27.        ]]","{'truefalse': 0.539882734111369, 'other': 0.6258722490606549}","{'truefalse': 0.5833333333333334, 'other': 0.5956318634284736}","{'truefalse': 0.5514464046980471, 'other': 0.6007075922738574}"
FTFTF,VraiFaux_Other,CART,"KFold(n_splits=3, random_state=30, shuffle=True)",0.3,0.7,30,0.5843468700611557,"[[34.33333333 15.        ]
 [26.         23.33333333]]","{'truefalse': 0.4703668202558325, 'other': 0.6982353730542137}","{'truefalse': 0.6072719060523939, 'other': 0.5692848020434228}","{'truefalse': 0.5292983157271044, 'other': 0.6264270343217712}"
FTFTT,VraiFaux_Other,CART,"KFold(n_splits=3, random_state=30, shuffle=True)",0.3,0.7,30,0.5505050505050505,"[[27.66666667 21.66666667]
 [22.66666667 26.66666667]]","{'truefalse': 0.5430049664233904, 'other': 0.568605743424584}","{'truefalse': 0.5640862231690625, 'other': 0.5497239654094154}","{'truefalse': 0.5470694702991793, 'other': 0.5529419703103914}"
FTTFF,VraiFaux_Other,CART,"KFold(n_splits=3, random_state=30, shuffle=True)",0.3,0.7,30,0.587920016491445,"[[33.         16.33333333]
 [24.33333333 25.        ]]","{'truefalse': 0.5087388872072557, 'other': 0.6696859903381642}","{'truefalse': 0.6064968623108158, 'other': 0.5761904761904763}","{'truefalse': 0.5517572732683632, 'other': 0.6180366803008314}"
FTTFT,VraiFaux_Other,CART,"KFold(n_splits=3, random_state=30, shuffle=True)",0.3,0.7,30,0.5777502920360064,"[[30.         19.33333333]
 [22.33333333 27.        ]]","{'truefalse': 0.5485011042724696, 'other': 0.6085950080515298}","{'truefalse': 0.5837568228872577, 'other': 0.5733566433566434}","{'truefalse': 0.5642917143948071, 'other': 0.5892404411792739}"
FTTTF,VraiFaux_Other,CART,"KFold(n_splits=3, random_state=30, shuffle=True)",0.3,0.7,30,0.5608809180237752,"[[31.33333333 18.        ]
 [25.33333333 24.        ]]","{'truefalse': 0.49195058240563244, 'other': 0.6394256575415995}","{'truefalse': 0.580655518021162, 'other': 0.5570381998953428}","{'truefalse': 0.5257457064192681, 'other': 0.5903446388883281}"
FTTTT,VraiFaux_Other,CART,"KFold(n_splits=3, random_state=30, shuffle=True)",0.3,0.7,30,0.5743145743145743,"[[30.66666667 18.66666667]
 [23.33333333 26.        ]]","{'truefalse': 0.5296864314622362, 'other': 0.6257045088566827}","{'truefalse': 0.586031746031746, 'other': 0.570906432748538}","{'truefalse': 0.5527804870217182, 'other': 0.5937976485092419}"
TFFFF,VraiFaux_Other,CART,"KFold(n_splits=3, random_state=30, shuffle=True)",0.3,0.7,30,0.5298138934954855,"[[39.66666667 27.66666667]
 [35.66666667 31.66666667]]","{'truefalse': 0.4730452053114708, 'other': 0.5900385154061625}","{'truefalse': 0.5360103180286995, 'other': 0.5283500957854407}","{'truefalse': 0.49843309540146913, 'other': 0.5543959808175383}"
TFFFT,VraiFaux_Other,CART,"KFold(n_splits=3, random_state=30, shuffle=True)",0.3,0.7,30,0.5221669430624655,"[[36.         31.33333333]
 [33.         34.33333333]]","{'truefalse': 0.5108841794548385, 'other': 0.5373249299719888}","{'truefalse': 0.5271327829377365, 'other': 0.5216864395968873}","{'truefalse': 0.516355755265069, 'other': 0.5270751331784196}"
TFFTF,VraiFaux_Other,CART,"KFold(n_splits=3, random_state=30, shuffle=True)",0.3,0.7,30,0.5740925004606597,"[[39.66666667 27.66666667]
 [29.66666667 37.66666667]]","{'truefalse': 0.5597923673884101, 'other': 0.5924457282913166}","{'truefalse': 0.5866338112305854, 'other': 0.568775015502565}","{'truefalse': 0.5678875218348902, 'other': 0.5754505483275733}"
TFFTT,VraiFaux_Other,CART,"KFold(n_splits=3, random_state=30, shuffle=True)",0.3,0.7,30,0.549548553528653,"[[41.33333333 26.        ]
 [34.66666667 32.66666667]]","{'truefalse': 0.4842348556513209, 'other': 0.6116771708683473}","{'truefalse': 0.5573707901294108, 'other': 0.5414553044457605}","{'truefalse': 0.5178491484184914, 'other': 0.5742675654653876}"
TFTFF,VraiFaux_Other,CART,"KFold(n_splits=3, random_state=30, shuffle=True)",0.3,0.7,30,0.5370370370370371,"[[36.66666667 30.66666667]
 [31.66666667 35.66666667]]","{'truefalse': 0.5334441349590078, 'other': 0.5488883053221288}","{'truefalse': 0.5485263778367226, 'other': 0.5366623942578826}","{'truefalse': 0.531929834081675, 'other': 0.533265676122819}"
TFTFT,VraiFaux_Other,CART,"KFold(n_splits=3, random_state=30, shuffle=True)",0.3,0.7,30,0.5642343836373688,"[[40.         27.33333333]
 [31.33333333 36.        ]]","{'truefalse': 0.5351992239506692, 'other': 0.5948354341736695}","{'truefalse': 0.570489698519565, 'other': 0.5603213108835681}","{'truefalse': 0.5514249543186166, 'other': 0.5762514508133932}"
TFTTF,VraiFaux_Other,CART,"KFold(n_splits=3, random_state=30, shuffle=True)",0.3,0.7,30,0.5543946932006634,"[[38.66666667 28.66666667]
 [31.33333333 36.        ]]","{'truefalse': 0.5344054376007287, 'other': 0.5754201680672268}","{'truefalse': 0.5572122473761818, 'other': 0.5530223614730657}","{'truefalse': 0.544628711391169, 'other': 0.5630975372442825}"
TFTTT,VraiFaux_Other,CART,"KFold(n_splits=3, random_state=30, shuffle=True)",0.3,0.7,30,0.5742214851667587,"[[38.66666667 28.66666667]
 [28.66666667 38.66666667]]","{'truefalse': 0.5724305409571859, 'other': 0.5754464285714286}","{'truefalse': 0.5741913353760909, 'other': 0.573551695746619}","{'truefalse': 0.5730489897708674, 'other': 0.574221999104247}"
TTFFF,VraiFaux_Other,CART,"KFold(n_splits=3, random_state=30, shuffle=True)",0.3,0.7,30,0.5346784595540814,"[[38.         29.33333333]
 [33.33333333 34.        ]]","{'truefalse': 0.5066557616845351, 'other': 0.5648371848739496}","{'truefalse': 0.5372119803524749, 'other': 0.534434019671841}","{'truefalse': 0.5203366607946761, 'other': 0.5481556777518547}"
TTFFT,VraiFaux_Other,CART,"KFold(n_splits=3, random_state=30, shuffle=True)",0.3,0.7,30,0.5594803758982864,"[[39.33333333 28.        ]
 [31.33333333 36.        ]]","{'truefalse': 0.5352911936794899, 'other': 0.5838848039215686}","{'truefalse': 0.5620347394540943, 'other': 0.5571712186959358}","{'truefalse': 0.548031615747074, 'other': 0.5699156140314804}"
TTFTF,VraiFaux_Other,CART,"KFold(n_splits=3, random_state=30, shuffle=True)",0.3,0.7,30,0.551888704625023,"[[41.         26.33333333]
 [34.         33.33333333]]","{'truefalse': 0.49502597049961455, 'other': 0.6105129551820728}","{'truefalse': 0.5594647035325001, 'other': 0.5479692252639112}","{'truefalse': 0.5236577622919086, 'other': 0.5762563973487708}"
TTFTT,VraiFaux_Other,CART,"KFold(n_splits=3, random_state=30, shuffle=True)",0.3,0.7,30,0.5420674405749033,"[[36.         31.33333333]
 [30.33333333 37.        ]]","{'truefalse': 0.54993627811646, 'other': 0.5349264705882353}","{'truefalse': 0.5419937600644121, 'other': 0.5429878062772202}","{'truefalse': 0.5452038830799495, 'other': 0.5381770108388814}"
TTTFF,VraiFaux_Other,CART,"KFold(n_splits=3, random_state=30, shuffle=True)",0.3,0.7,30,0.5792518887046251,"[[42.         25.33333333]
 [31.33333333 36.        ]]","{'truefalse': 0.5332842828112957, 'other': 0.6216474089635854}","{'truefalse': 0.5872134038800706, 'other': 0.5705982905982906}","{'truefalse': 0.5583714224686934, 'other': 0.59467808677111}"
TTTFT,VraiFaux_Other,CART,"KFold(n_splits=3, random_state=30, shuffle=True)",0.3,0.7,30,0.5669062096922793,"[[38.         29.33333333]
 [29.         38.33333333]]","{'truefalse': 0.5738057073785999, 'other': 0.56453081232493}","{'truefalse': 0.5624835361677467, 'other': 0.5765974765974766}","{'truefalse': 0.5649713924512564, 'other': 0.5674482203457583}"
TTTTF,VraiFaux_Other,CART,"KFold(n_splits=3, random_state=30, shuffle=True)",0.3,0.7,30,0.5569191081628893,"[[36.66666667 30.66666667]
 [29.         38.33333333]]","{'truefalse': 0.5704422430103006, 'other': 0.5460696778711485}","{'truefalse': 0.5567713526088401, 'other': 0.5614350275910894}","{'truefalse': 0.5603992996079327, 'other': 0.5501529909619051}"
TTTTT,VraiFaux_Other,CART,"KFold(n_splits=3, random_state=30, shuffle=True)",0.3,0.7,30,0.5568269762299612,"[[36.66666667 30.66666667]
 [29.         38.33333333]]","{'truefalse': 0.567643735547614, 'other': 0.5453956582633054}","{'truefalse': 0.5535685341708144, 'other': 0.5607852730133148}","{'truefalse': 0.558980874859374, 'other': 0.5511567285760833}"
FFFFF,VraiFaux_Other,SVM,"KFold(n_splits=3, random_state=30, shuffle=True)",0.3,0.7,30,0.6114890400604687,"[[22.         27.33333333]
 [11.         38.33333333]]","{'truefalse': 0.778954921019294, 'other': 0.44736312399355876}","{'truefalse': 0.5858231685721167, 'other': 0.6641141141141141}","{'truefalse': 0.6669740887132192, 'other': 0.5321488697784579}"
FFFFT,VraiFaux_Other,SVM,"KFold(n_splits=3, random_state=30, shuffle=True)",0.3,0.7,30,0.6282553425410567,"[[21.66666667 27.66666667]
 [ 9.         40.33333333]]","{'truefalse': 0.8217833159564569, 'other': 0.44608829844337095}","{'truefalse': 0.6050129076444866, 'other': 0.7109098228663445}","{'truefalse': 0.6890514220333578, 'other': 0.5303444599219247}"
FFFTF,VraiFaux_Other,SVM,"KFold(n_splits=3, random_state=30, shuffle=True)",0.3,0.7,30,0.607984607984608,"[[18.         31.33333333]
 [ 7.33333333 42.        ]]","{'truefalse': 0.858569042253837, 'other': 0.37355743424584004}","{'truefalse': 0.5896711012564672, 'other': 0.7752782931354361}","{'truefalse': 0.6837714294583751, 'other': 0.4525721082366934}"
FFFTT,VraiFaux_Other,SVM,"KFold(n_splits=3, random_state=30, shuffle=True)",0.3,0.7,30,0.6047550333264619,"[[20.         29.33333333]
 [ 9.66666667 39.66666667]]","{'truefalse': 0.8107377885402304, 'other': 0.4096886741814278}","{'truefalse': 0.5836392996770355, 'other': 0.6912026442918892}","{'truefalse': 0.670033061792107, 'other': 0.49324170673943546}"
FFTFF,VraiFaux_Other,SVM,"KFold(n_splits=3, random_state=30, shuffle=True)",0.3,0.7,30,0.6148216862502577,"[[23.         26.33333333]
 [11.66666667 37.66666667]]","{'truefalse': 0.7697423737934281, 'other': 0.47279253891572726}","{'truefalse': 0.5972654776307745, 'other': 0.6751633986928104}","{'truefalse': 0.6658788985569521, 'other': 0.5430281358036838}"
FFTFT,VraiFaux_Other,SVM,"KFold(n_splits=3, random_state=30, shuffle=True)",0.3,0.7,30,0.6485260770975058,"[[22.66666667 26.66666667]
 [ 8.         41.33333333]]","{'truefalse': 0.8419376898844159, 'other': 0.46615002683843265}","{'truefalse': 0.6179214929214929, 'other': 0.7447545219638244}","{'truefalse': 0.7060865598921889, 'other': 0.5584010503203977}"
FFTTF,VraiFaux_Other,SVM,"KFold(n_splits=3, random_state=30, shuffle=True)",0.3,0.7,30,0.58438122723837,"[[19.         30.33333333]
 [10.66666667 38.66666667]]","{'truefalse': 0.7941961232749245, 'other': 0.3960681696188943}","{'truefalse': 0.5859395088248487, 'other': 0.6764550264550264}","{'truefalse': 0.6529219358943769, 'other': 0.4488361879666227}"
FFTTT,VraiFaux_Other,SVM,"KFold(n_splits=3, random_state=30, shuffle=True)",0.3,0.7,30,0.6114890400604687,"[[20.66666667 28.66666667]
 [ 9.66666667 39.66666667]]","{'truefalse': 0.8150904158118365, 'other': 0.42740203972088026}","{'truefalse': 0.5987166761202496, 'other': 0.746537503890445}","{'truefalse': 0.6700925701350151, 'other': 0.4961706049941344}"
FTFFF,VraiFaux_Other,SVM,"KFold(n_splits=3, random_state=30, shuffle=True)",0.3,0.7,30,0.5945165945165946,"[[21.33333333 28.        ]
 [12.         37.33333333]]","{'truefalse': 0.7611800580723999, 'other': 0.43870772946859904}","{'truefalse': 0.5755427558706248, 'other': 0.6535087719298246}","{'truefalse': 0.6507794911006329, 'other': 0.5154186898372944}"
FTFFT,VraiFaux_Other,SVM,"KFold(n_splits=3, random_state=30, shuffle=True)",0.3,0.7,30,0.6216244073386931,"[[24.         25.33333333]
 [12.         37.33333333]]","{'truefalse': 0.761373445890649, 'other': 0.49144524959742353}","{'truefalse': 0.609150024525261, 'other': 0.6611257406188281}","{'truefalse': 0.6693546960935152, 'other': 0.5513931888544892}"
FTFTF,VraiFaux_Other,SVM,"KFold(n_splits=3, random_state=30, shuffle=True)",0.3,0.7,30,0.5978148835291692,"[[17.         32.33333333]
 [ 7.33333333 42.        ]]","{'truefalse': 0.8573358445722485, 'other': 0.3530595813204509}","{'truefalse': 0.5759887005649718, 'other': 0.7212406015037595}","{'truefalse': 0.6807638131588513, 'other': 0.44635236947955165}"
FTFTT,VraiFaux_Other,SVM,"KFold(n_splits=3, random_state=30, shuffle=True)",0.3,0.7,30,0.6551570122998694,"[[19.66666667 29.66666667]
 [ 4.33333333 45.        ]]","{'truefalse': 0.9149261763024249, 'other': 0.4066022544283414}","{'truefalse': 0.6109347442680776, 'other': 0.8340786607040477}","{'truefalse': 0.7268954988154777, 'other': 0.527691326944802}"
FTTFF,VraiFaux_Other,SVM,"KFold(n_splits=3, random_state=30, shuffle=True)",0.3,0.7,30,0.5979179550608121,"[[21.33333333 28.        ]
 [11.66666667 37.66666667]]","{'truefalse': 0.7691958430027243, 'other': 0.4379361245303275}","{'truefalse': 0.5801035970184273, 'other': 0.6578787878787878}","{'truefalse': 0.6554131054131054, 'other': 0.5141837065887699}"
FTTFT,VraiFaux_Other,SVM,"KFold(n_splits=3, random_state=30, shuffle=True)",0.3,0.7,30,0.6419638562495705,"[[24.         25.33333333]
 [10.         39.33333333]]","{'truefalse': 0.806774739627126, 'other': 0.4919149221685453}","{'truefalse': 0.6195170688029913, 'other': 0.7384615384615385}","{'truefalse': 0.6886495726495726, 'other': 0.5670310433866628}"
FTTTF,VraiFaux_Other,SVM,"KFold(n_splits=3, random_state=30, shuffle=True)",0.3,0.7,30,0.5708788565931423,"[[15.         34.33333333]
 [ 8.         41.33333333]]","{'truefalse': 0.8434707788203903, 'other': 0.30880971551261405}","{'truefalse': 0.5508616255144033, 'other': 0.674537037037037}","{'truefalse': 0.6613756613756613, 'other': 0.4077601410934744}"
FTTTT,VraiFaux_Other,SVM,"KFold(n_splits=3, random_state=30, shuffle=True)",0.3,0.7,30,0.614856043427472,"[[20.33333333 29.        ]
 [ 9.         40.33333333]]","{'truefalse': 0.8261891949461316, 'other': 0.41985373054213637}","{'truefalse': 0.5959381551362682, 'other': 0.7200080515297906}","{'truefalse': 0.6818167180309603, 'other': 0.5024154589371981}"
TFFFF,VraiFaux_Other,SVM,"KFold(n_splits=3, random_state=30, shuffle=True)",0.3,0.7,30,0.6236594803758982,"[[30.66666667 36.66666667]
 [14.         53.33333333]]","{'truefalse': 0.7916119227804638, 'other': 0.45630252100840335}","{'truefalse': 0.5918420081210779, 'other': 0.6976870748299321}","{'truefalse': 0.6760275283483644, 'other': 0.5477981117125373}"
TFFFT,VraiFaux_Other,SVM,"KFold(n_splits=3, random_state=30, shuffle=True)",0.3,0.7,30,0.6608623548922057,"[[36.         31.33333333]
 [14.33333333 53.        ]]","{'truefalse': 0.7901842022282951, 'other': 0.5394957983193277}","{'truefalse': 0.641679748822606, 'other': 0.7244093094076717}","{'truefalse': 0.6995981318561962, 'other': 0.6031558739523342}"
TFFTF,VraiFaux_Other,SVM,"KFold(n_splits=3, random_state=30, shuffle=True)",0.3,0.7,30,0.5964068546158098,"[[23.33333333 44.        ]
 [10.33333333 57.        ]]","{'truefalse': 0.8495112465839815, 'other': 0.3505602240896359}","{'truefalse': 0.5682652919305954, 'other': 0.7234615384615385}","{'truefalse': 0.6762792099546013, 'other': 0.45538020463452483}"
TFFTT,VraiFaux_Other,SVM,"KFold(n_splits=3, random_state=30, shuffle=True)",0.3,0.7,30,0.6361157177077575,"[[32.         35.33333333]
 [13.66666667 53.66666667]]","{'truefalse': 0.8000873712423796, 'other': 0.47541141456582636}","{'truefalse': 0.6038074712643677, 'other': 0.7078173374613003}","{'truefalse': 0.6866726015919564, 'other': 0.5655190923056991}"
TFTFF,VraiFaux_Other,SVM,"KFold(n_splits=3, random_state=30, shuffle=True)",0.3,0.7,30,0.6088815183342546,"[[30.66666667 36.66666667]
 [16.         51.33333333]]","{'truefalse': 0.7658220779903301, 'other': 0.4563637955182073}","{'truefalse': 0.5857723577235773, 'other': 0.6664816870144284}","{'truefalse': 0.6610324564885338, 'other': 0.5348649666831484}"
TFTFT,VraiFaux_Other,SVM,"KFold(n_splits=3, random_state=30, shuffle=True)",0.3,0.7,30,0.6435415515017505,"[[34.66666667 32.66666667]
 [15.33333333 52.        ]]","{'truefalse': 0.7774540589306986, 'other': 0.5172443977591036}","{'truefalse': 0.6143538599906645, 'other': 0.7217545336560384}","{'truefalse': 0.6802479263512898, 'other': 0.5916216466675183}"
TFTTF,VraiFaux_Other,SVM,"KFold(n_splits=3, random_state=30, shuffle=True)",0.3,0.7,30,0.5940298507462686,"[[24.33333333 43.        ]
 [11.66666667 55.66666667]]","{'truefalse': 0.830030087239857, 'other': 0.36406687675070026}","{'truefalse': 0.5665737838151631, 'other': 0.6967592592592592}","{'truefalse': 0.6703625209407397, 'other': 0.4676272309251033}"
TFTTT,VraiFaux_Other,SVM,"KFold(n_splits=3, random_state=30, shuffle=True)",0.3,0.7,30,0.6855721393034826,"[[36.66666667 30.66666667]
 [11.66666667 55.66666667]]","{'truefalse': 0.8276958079321702, 'other': 0.5468487394957983}","{'truefalse': 0.6470215581270519, 'other': 0.7605190224237842}","{'truefalse': 0.7246941511647393, 'other': 0.6332434828197541}"
TTFFF,VraiFaux_Other,SVM,"KFold(n_splits=3, random_state=30, shuffle=True)",0.3,0.7,30,0.6188501934770593,"[[28.66666667 38.66666667]
 [12.66666667 54.66666667]]","{'truefalse': 0.8150105546212599, 'other': 0.42770483193277303}","{'truefalse': 0.586850184992268, 'other': 0.7224584278155707}","{'truefalse': 0.6791724906707075, 'other': 0.5261104397702336}"
TTFFT,VraiFaux_Other,SVM,"KFold(n_splits=3, random_state=30, shuffle=True)",0.3,0.7,30,0.6212456237331859,"[[32.         35.33333333]
 [15.66666667 51.66666667]]","{'truefalse': 0.7720103268866932, 'other': 0.4782300420168067}","{'truefalse': 0.599215531632425, 'other': 0.6981922398589065}","{'truefalse': 0.6683756575609495, 'other': 0.5490522115064849}"
TTFTF,VraiFaux_Other,SVM,"KFold(n_splits=3, random_state=30, shuffle=True)",0.3,0.7,30,0.5915975677169706,"[[22.         45.33333333]
 [ 9.66666667 57.66666667]]","{'truefalse': 0.8587125989769463, 'other': 0.3271621148459384}","{'truefalse': 0.5603703703703703, 'other': 0.7092592592592593}","{'truefalse': 0.677006878087061, 'other': 0.4435145233017574}"
TTFTT,VraiFaux_Other,SVM,"KFold(n_splits=3, random_state=30, shuffle=True)",0.3,0.7,30,0.5989496959646213,"[[28.         39.33333333]
 [14.66666667 52.66666667]]","{'truefalse': 0.7821280919346928, 'other': 0.4156687675070028}","{'truefalse': 0.5719186828820954, 'other': 0.6580318690783806}","{'truefalse': 0.6604618974000265, 'other': 0.5091220571784029}"
TTTFF,VraiFaux_Other,SVM,"KFold(n_splits=3, random_state=30, shuffle=True)",0.3,0.7,30,0.6584300718629077,"[[36.         31.33333333]
 [14.66666667 52.66666667]]","{'truefalse': 0.7816124045266625, 'other': 0.5341736694677871}","{'truefalse': 0.6259358905022375, 'other': 0.7184349278809062}","{'truefalse': 0.6936800722808117, 'other': 0.6096333572969087}"
TTTFT,VraiFaux_Other,SVM,"KFold(n_splits=3, random_state=30, shuffle=True)",0.3,0.7,30,0.641090842085867,"[[36.33333333 31.        ]
 [17.33333333 50.        ]]","{'truefalse': 0.7455493220517133, 'other': 0.5401348039215687}","{'truefalse': 0.6172445911868719, 'other': 0.6843123861566484}","{'truefalse': 0.6735632183908047, 'other': 0.6010734463276837}"
TTTTF,VraiFaux_Other,SVM,"KFold(n_splits=3, random_state=30, shuffle=True)",0.3,0.7,30,0.6162520729684909,"[[25.66666667 41.66666667]
 [10.         57.33333333]]","{'truefalse': 0.8502842302571648, 'other': 0.38118872549019606}","{'truefalse': 0.5781435472739821, 'other': 0.726984126984127}","{'truefalse': 0.6879260863348989, 'other': 0.498282141139284}"
TTTTT,VraiFaux_Other,SVM,"KFold(n_splits=3, random_state=30, shuffle=True)",0.3,0.7,30,0.6311221669430624,"[[31.66666667 35.66666667]
 [14.         53.33333333]]","{'truefalse': 0.7924505991170906, 'other': 0.4705094537815126}","{'truefalse': 0.6003434748090791, 'other': 0.6926488146000341}","{'truefalse': 0.6823705800634321, 'other': 0.558742075408742}"
FFFFF,VraiFaux_Other,RFO,"KFold(n_splits=3, random_state=30, shuffle=True)",0.3,0.7,30,0.618291761148904,"[[28.33333333 21.        ]
 [16.66666667 32.66666667]]","{'truefalse': 0.6651111559546632, 'other': 0.5745101986044014}","{'truefalse': 0.6085510071474983, 'other': 0.6328076685219542}","{'truefalse': 0.6337538251546574, 'other': 0.6003580379520229}"
FFFFT,VraiFaux_Other,RFO,"KFold(n_splits=3, random_state=30, shuffle=True)",0.3,0.7,30,0.6048581048581049,"[[30.33333333 19.        ]
 [20.         29.33333333]]","{'truefalse': 0.59687888877678, 'other': 0.6124865807836822}","{'truefalse': 0.6074259491030455, 'other': 0.6010872297637003}","{'truefalse': 0.6015175300889587, 'other': 0.606193853427896}"
FFFTF,VraiFaux_Other,RFO,"KFold(n_splits=3, random_state=30, shuffle=True)",0.3,0.7,30,0.64856043427472,"[[29.33333333 20.        ]
 [14.66666667 34.66666667]]","{'truefalse': 0.7015605556116099, 'other': 0.5962493290391842}","{'truefalse': 0.6337734623070604, 'other': 0.6661375661375661}","{'truefalse': 0.6651679138431233, 'other': 0.6285344285344285}"
FFFTT,VraiFaux_Other,RFO,"KFold(n_splits=3, random_state=30, shuffle=True)",0.3,0.7,30,0.6182574039716897,"[[33.         16.33333333]
 [21.33333333 28.        ]]","{'truefalse': 0.5696420363456989, 'other': 0.6695517981749864}","{'truefalse': 0.6308258569128135, 'other': 0.6094008606421714}","{'truefalse': 0.5971439661356565, 'other': 0.636665735351323}"
FFTFF,VraiFaux_Other,RFO,"KFold(n_splits=3, random_state=30, shuffle=True)",0.3,0.7,30,0.5508486222771937,"[[28.         21.33333333]
 [23.         26.33333333]]","{'truefalse': 0.5473071446989316, 'other': 0.5726650563607085}","{'truefalse': 0.5577940577940578, 'other': 0.5743652059441533}","{'truefalse': 0.5370356186786697, 'other': 0.5563970398252286}"
FFTFT,VraiFaux_Other,RFO,"KFold(n_splits=3, random_state=30, shuffle=True)",0.3,0.7,30,0.5982615268329554,"[[27.         22.33333333]
 [17.33333333 32.        ]]","{'truefalse': 0.6595113173914506, 'other': 0.5481078904991948}","{'truefalse': 0.5901768579127277, 'other': 0.6262226512226513}","{'truefalse': 0.6154761904761905, 'other': 0.5759893701070172}"
FFTTF,VraiFaux_Other,RFO,"KFold(n_splits=3, random_state=30, shuffle=True)",0.3,0.7,30,0.5913557342128771,"[[36.         13.33333333]
 [27.         22.33333333]]","{'truefalse': 0.45971087119810755, 'other': 0.7329240472356414}","{'truefalse': 0.6334126984126985, 'other': 0.5778499443753681}","{'truefalse': 0.5222477780617315, 'other': 0.6409610119890493}"
FFTTT,VraiFaux_Other,RFO,"KFold(n_splits=3, random_state=30, shuffle=True)",0.3,0.7,30,0.6282553425410567,"[[29.66666667 19.66666667]
 [17.         32.33333333]]","{'truefalse': 0.6515964304532562, 'other': 0.601046698872786}","{'truefalse': 0.6174989428362742, 'other': 0.6377622982449137}","{'truefalse': 0.6334741031988739, 'other': 0.6180018434048128}"
FTFFF,VraiFaux_Other,RFO,"KFold(n_splits=3, random_state=30, shuffle=True)",0.3,0.7,30,0.6589363017934446,"[[32.         17.33333333]
 [16.33333333 33.        ]]","{'truefalse': 0.6796656913194093, 'other': 0.6533145464304885}","{'truefalse': 0.662652787050087, 'other': 0.6820570570570571}","{'truefalse': 0.6598546665042829, 'other': 0.6555653466030825}"
FTFFT,VraiFaux_Other,RFO,"KFold(n_splits=3, random_state=30, shuffle=True)",0.3,0.7,30,0.5980897409468838,"[[29.33333333 20.        ]
 [19.66666667 29.66666667]]","{'truefalse': 0.6139530712227717, 'other': 0.6013150831991411}","{'truefalse': 0.6047494172494172, 'other': 0.6252006927851733}","{'truefalse': 0.5921326609969645, 'other': 0.5958418774208248}"
FTFTF,VraiFaux_Other,RFO,"KFold(n_splits=3, random_state=30, shuffle=True)",0.3,0.7,30,0.5643509929224215,"[[30.33333333 19.        ]
 [24.         25.33333333]]","{'truefalse': 0.5195405778091682, 'other': 0.6169484702093398}","{'truefalse': 0.5528678170187604, 'other': 0.5781760427382822}","{'truefalse': 0.5218142145365864, 'other': 0.5870616302575647}"
FTFTT,VraiFaux_Other,RFO,"KFold(n_splits=3, random_state=30, shuffle=True)",0.3,0.7,30,0.6114890400604687,"[[28.66666667 20.66666667]
 [17.66666667 31.66666667]]","{'truefalse': 0.6418906041547551, 'other': 0.5803811057434246}","{'truefalse': 0.6040903796878639, 'other': 0.6180354267310788}","{'truefalse': 0.6220017459680246, 'other': 0.598272969776971}"
FTTFF,VraiFaux_Other,RFO,"KFold(n_splits=3, random_state=30, shuffle=True)",0.3,0.7,30,0.6486635058063629,"[[31.33333333 18.        ]
 [16.66666667 32.66666667]]","{'truefalse': 0.6651644076727318, 'other': 0.6377482555018786}","{'truefalse': 0.6465104560342656, 'other': 0.6557575757575758}","{'truefalse': 0.653111911431239, 'other': 0.6439909297052154}"
FTTFT,VraiFaux_Other,RFO,"KFold(n_splits=3, random_state=30, shuffle=True)",0.3,0.7,30,0.6113859685288258,"[[31.         18.33333333]
 [20.         29.33333333]]","{'truefalse': 0.5999450666487292, 'other': 0.6364734299516909}","{'truefalse': 0.6354687624037468, 'other': 0.6129655502774342}","{'truefalse': 0.6043732595556174, 'other': 0.61419314050893}"
FTTTF,VraiFaux_Other,RFO,"KFold(n_splits=3, random_state=30, shuffle=True)",0.3,0.7,30,0.5981240981240982,"[[28.33333333 21.        ]
 [18.66666667 30.66666667]]","{'truefalse': 0.6193230865816881, 'other': 0.5699141170155663}","{'truefalse': 0.5783660270246764, 'other': 0.6287581699346405}","{'truefalse': 0.5917705852132081, 'other': 0.5880441845354126}"
FTTTT,VraiFaux_Other,RFO,"KFold(n_splits=3, random_state=30, shuffle=True)",0.3,0.7,30,0.6622345908060193,"[[38.         11.33333333]
 [22.         27.33333333]]","{'truefalse': 0.5563767531026133, 'other': 0.7728797638217927}","{'truefalse': 0.7093177901907043, 'other': 0.6347642418226069}","{'truefalse': 0.621169616410859, 'other': 0.6951048908235453}"
TFFFF,VraiFaux_Other,RFO,"KFold(n_splits=3, random_state=30, shuffle=True)",0.3,0.7,30,0.598968122351207,"[[35.33333333 32.        ]
 [22.         45.33333333]]","{'truefalse': 0.67305199355336, 'other': 0.5253151260504202}","{'truefalse': 0.5861908420047955, 'other': 0.618709461574159}","{'truefalse': 0.6254376079933889, 'other': 0.5662553742553742}"
TFFFT,VraiFaux_Other,RFO,"KFold(n_splits=3, random_state=30, shuffle=True)",0.3,0.7,30,0.5864750322461765,"[[40.         27.33333333]
 [28.33333333 39.        ]]","{'truefalse': 0.5780604022142807, 'other': 0.5976190476190476}","{'truefalse': 0.5944669365721997, 'other': 0.5849109954373112}","{'truefalse': 0.5825071839080459, 'other': 0.5876378269617706}"
TFFTF,VraiFaux_Other,RFO,"KFold(n_splits=3, random_state=30, shuffle=True)",0.3,0.7,30,0.6015109637000184,"[[38.33333333 29.        ]
 [24.66666667 42.66666667]]","{'truefalse': 0.6330177895732604, 'other': 0.5687324929971989}","{'truefalse': 0.5952880152880153, 'other': 0.6075056252009}","{'truefalse': 0.6133721871458637, 'other': 0.5872294685990339}"
TFFTT,VraiFaux_Other,RFO,"KFold(n_splits=3, random_state=30, shuffle=True)",0.3,0.7,30,0.5594250967385296,"[[35.33333333 32.        ]
 [27.33333333 40.        ]]","{'truefalse': 0.5993338763926844, 'other': 0.5298056722689076}","{'truefalse': 0.5677673583994564, 'other': 0.5722610722610723}","{'truefalse': 0.5694915254237288, 'other': 0.5367429874120329}"
TFTFF,VraiFaux_Other,RFO,"KFold(n_splits=3, random_state=30, shuffle=True)",0.3,0.7,30,0.6213009028929427,"[[42.66666667 24.66666667]
 [26.33333333 41.        ]]","{'truefalse': 0.6118778904771914, 'other': 0.6358018207282914}","{'truefalse': 0.6278690662493479, 'other': 0.623272185716182}","{'truefalse': 0.6153447001989201, 'other': 0.6256356670149773}"
TFTFT,VraiFaux_Other,RFO,"KFold(n_splits=3, random_state=30, shuffle=True)",0.3,0.7,30,0.5817394508936798,"[[37.66666667 29.66666667]
 [26.66666667 40.66666667]]","{'truefalse': 0.6067637166281269, 'other': 0.5592086834733894}","{'truefalse': 0.5760324139005766, 'other': 0.592821790082064}","{'truefalse': 0.5886143931256713, 'other': 0.5727735687738061}"
TFTTF,VraiFaux_Other,RFO,"KFold(n_splits=3, random_state=30, shuffle=True)",0.3,0.7,30,0.6040169522756588,"[[40.33333333 27.        ]
 [26.33333333 41.        ]]","{'truefalse': 0.6104764469904002, 'other': 0.5987307422969188}","{'truefalse': 0.6031794662309369, 'other': 0.6063876437892319}","{'truefalse': 0.6059002820195571, 'other': 0.6016008844555167}"
TFTTT,VraiFaux_Other,RFO,"KFold(n_splits=3, random_state=30, shuffle=True)",0.3,0.7,30,0.5817025981205085,"[[41.         26.33333333]
 [30.         37.33333333]]","{'truefalse': 0.5560774472706888, 'other': 0.6097076330532213}","{'truefalse': 0.5885096153846154, 'other': 0.580893159652216}","{'truefalse': 0.5677009093005708, 'other': 0.5913125816406272}"
TTFFF,VraiFaux_Other,RFO,"KFold(n_splits=3, random_state=30, shuffle=True)",0.3,0.7,30,0.5941772618389534,"[[41.66666667 25.66666667]
 [29.         38.33333333]]","{'truefalse': 0.5734312591969729, 'other': 0.6203431372549019}","{'truefalse': 0.6000083794201442, 'other': 0.5965431296684088}","{'truefalse': 0.5817206015197408, 'other': 0.6042602899745758}"
TTFFT,VraiFaux_Other,RFO,"KFold(n_splits=3, random_state=30, shuffle=True)",0.3,0.7,30,0.631232725262576,"[[43.33333333 24.        ]
 [25.66666667 41.66666667]]","{'truefalse': 0.6220142684464999, 'other': 0.6451593137254902}","{'truefalse': 0.6365018610183799, 'other': 0.633311962701537}","{'truefalse': 0.6255495029869036, 'other': 0.6358763468178227}"
TTFTF,VraiFaux_Other,RFO,"KFold(n_splits=3, random_state=30, shuffle=True)",0.3,0.7,30,0.5939745715865119,"[[36.33333333 31.        ]
 [23.66666667 43.66666667]]","{'truefalse': 0.6455147239156331, 'other': 0.5397146358543417}","{'truefalse': 0.5814057276963479, 'other': 0.6085459681320912}","{'truefalse': 0.6116385735580782, 'other': 0.5716999050332383}"
TTFTT,VraiFaux_Other,RFO,"KFold(n_splits=3, random_state=30, shuffle=True)",0.3,0.7,30,0.5444260180578588,"[[41.33333333 26.        ]
 [35.33333333 32.        ]]","{'truefalse': 0.4761524682923411, 'other': 0.6167279411764706}","{'truefalse': 0.5586346220828979, 'other': 0.538515406162465}","{'truefalse': 0.5111065903793177, 'other': 0.572723258057772}"
TTTFF,VraiFaux_Other,RFO,"KFold(n_splits=3, random_state=30, shuffle=True)",0.3,0.7,30,0.5917081260364841,"[[42.33333333 25.        ]
 [30.         37.33333333]]","{'truefalse': 0.5590193837152267, 'other': 0.630593487394958}","{'truefalse': 0.5998455598455598, 'other': 0.5940631808278868}","{'truefalse': 0.572805587034836, 'other': 0.6068367873737001}"
TTTFT,VraiFaux_Other,RFO,"KFold(n_splits=3, random_state=30, shuffle=True)",0.3,0.7,30,0.581592039800995,"[[38.66666667 28.66666667]
 [27.66666667 39.66666667]]","{'truefalse': 0.5907642684464999, 'other': 0.5785714285714286}","{'truefalse': 0.5921849219962427, 'other': 0.5826146455503128}","{'truefalse': 0.5850491649691, 'other': 0.5747828564012062}"
TTTTF,VraiFaux_Other,RFO,"KFold(n_splits=3, random_state=30, shuffle=True)",0.3,0.7,30,0.5569375345494748,"[[37.         30.33333333]
 [29.33333333 38.        ]]","{'truefalse': 0.562480292200967, 'other': 0.5472601540616248}","{'truefalse': 0.5555662229049325, 'other': 0.5554604505405201}","{'truefalse': 0.5580317399490319, 'other': 0.5501718417863599}"
TTTTT,VraiFaux_Other,RFO,"KFold(n_splits=3, random_state=30, shuffle=True)",0.3,0.7,30,0.6188133407038879,"[[36.33333333 31.        ]
 [20.33333333 47.        ]]","{'truefalse': 0.7031545616985495, 'other': 0.5418942577030813}","{'truefalse': 0.6056899004267425, 'other': 0.6583238255369402}","{'truefalse': 0.6445419195377871, 'other': 0.5834790205150905}"
FFFFF,VraiFaux_Other,MultinomialNB,"KFold(n_splits=3, random_state=30, shuffle=True)",0.3,0.7,30,0.5944478801621659,"[[24.         25.33333333]
 [14.66666667 34.66666667]]","{'truefalse': 0.7195175954887386, 'other': 0.5035896403650026}","{'truefalse': 0.6240573152337858, 'other': 0.7140104089949427}","{'truefalse': 0.6189810685715377, 'other': 0.5124159368388705}"
FFFFT,VraiFaux_Other,MultinomialNB,"KFold(n_splits=3, random_state=30, shuffle=True)",0.3,0.7,30,0.5437710437710438,"[[19.66666667 29.66666667]
 [15.33333333 34.        ]]","{'truefalse': 0.7041726925189744, 'other': 0.41368089103596345}","{'truefalse': 0.5538087471306029, 'other': 0.6235896913863015}","{'truefalse': 0.5962274608397481, 'other': 0.435605353252412}"
FFFTF,VraiFaux_Other,MultinomialNB,"KFold(n_splits=3, random_state=30, shuffle=True)",0.3,0.7,30,0.6182574039716897,"[[29.66666667 19.66666667]
 [18.         31.33333333]]","{'truefalse': 0.6484657899752239, 'other': 0.6120840042941492}","{'truefalse': 0.64250904850605, 'other': 0.6546275563516942}","{'truefalse': 0.6168870571657795, 'other': 0.6045290607708195}"
FFFTT,VraiFaux_Other,MultinomialNB,"KFold(n_splits=3, random_state=30, shuffle=True)",0.3,0.7,30,0.6079502508073936,"[[24.33333333 25.        ]
 [13.66666667 35.66666667]]","{'truefalse': 0.7353725938631599, 'other': 0.5059715512614064}","{'truefalse': 0.6064815727722674, 'other': 0.6939625386433897}","{'truefalse': 0.6472038325306424, 'other': 0.5402118131768344}"
FFTFF,VraiFaux_Other,MultinomialNB,"KFold(n_splits=3, random_state=30, shuffle=True)",0.3,0.7,30,0.6012849584278156,"[[24.66666667 24.66666667]
 [14.66666667 34.66666667]]","{'truefalse': 0.7205574053520779, 'other': 0.5162372517444981}","{'truefalse': 0.6352941176470588, 'other': 0.7330717814588782}","{'truefalse': 0.6224199876730656, 'other': 0.5259073829166404}"
FFTFT,VraiFaux_Other,MultinomialNB,"KFold(n_splits=3, random_state=30, shuffle=True)",0.3,0.7,30,0.6215900501614787,"[[27.33333333 22.        ]
 [15.33333333 34.        ]]","{'truefalse': 0.7060056727093352, 'other': 0.5697799248523886}","{'truefalse': 0.6582268679829656, 'other': 0.722278395685878}","{'truefalse': 0.6410165212101931, 'other': 0.5716833890746933}"
FFTTF,VraiFaux_Other,MultinomialNB,"KFold(n_splits=3, random_state=30, shuffle=True)",0.3,0.7,30,0.614856043427472,"[[28.33333333 21.        ]
 [17.         32.33333333]]","{'truefalse': 0.6704531440935436, 'other': 0.5867887815351583}","{'truefalse': 0.6315892672858617, 'other': 0.6749012891870034}","{'truefalse': 0.623969121050036, 'other': 0.5882016036655212}"
FFTTT,VraiFaux_Other,MultinomialNB,"KFold(n_splits=3, random_state=30, shuffle=True)",0.3,0.7,30,0.5607778464921321,"[[26.33333333 23.        ]
 [20.33333333 29.        ]]","{'truefalse': 0.6043004966423391, 'other': 0.547470477724101}","{'truefalse': 0.5789473684210527, 'other': 0.6144505160898603}","{'truefalse': 0.5631625834597925, 'other': 0.5308414390554491}"
FTFFF,VraiFaux_Other,MultinomialNB,"KFold(n_splits=3, random_state=30, shuffle=True)",0.3,0.7,30,0.5675462104033532,"[[23.66666667 25.66666667]
 [17.         32.33333333]]","{'truefalse': 0.6760389690467381, 'other': 0.496947128287708}","{'truefalse': 0.6076371018470864, 'other': 0.7042457805907173}","{'truefalse': 0.5755941419701994, 'other': 0.4898205128205128}"
FTFFT,VraiFaux_Other,MultinomialNB,"KFold(n_splits=3, random_state=30, shuffle=True)",0.3,0.7,30,0.5943448086305229,"[[19.         30.33333333]
 [ 9.66666667 39.66666667]]","{'truefalse': 0.8143504972028834, 'other': 0.39902039720880295}","{'truefalse': 0.5865623877687138, 'other': 0.7296799061504943}","{'truefalse': 0.664543424994937, 'other': 0.45987666606223304}"
FTFTF,VraiFaux_Other,MultinomialNB,"KFold(n_splits=3, random_state=30, shuffle=True)",0.3,0.7,30,0.5743145743145742,"[[27.66666667 21.66666667]
 [20.33333333 29.        ]]","{'truefalse': 0.6060269733965628, 'other': 0.5758185721953838}","{'truefalse': 0.607051282051282, 'other': 0.6304761904761905}","{'truefalse': 0.5637851841390228, 'other': 0.5514600397449507}"
FTFTT,VraiFaux_Other,MultinomialNB,"KFold(n_splits=3, random_state=30, shuffle=True)",0.3,0.7,30,0.5911152339723769,"[[27.33333333 22.        ]
 [18.33333333 31.        ]]","{'truefalse': 0.6448026323165057, 'other': 0.5707192699946323}","{'truefalse': 0.6303710074919708, 'other': 0.6516526610644258}","{'truefalse': 0.5989918699186991, 'other': 0.5518166470084876}"
FTTFF,VraiFaux_Other,MultinomialNB,"KFold(n_splits=3, random_state=30, shuffle=True)",0.3,0.7,30,0.6013536727822442,"[[21.33333333 28.        ]
 [11.33333333 38.        ]]","{'truefalse': 0.7841371540039687, 'other': 0.44327026301663985}","{'truefalse': 0.6047733599612685, 'other': 0.7597098540908901}","{'truefalse': 0.6450196078431373, 'other': 0.4868033972222334}"
FTTFT,VraiFaux_Other,MultinomialNB,"KFold(n_splits=3, random_state=30, shuffle=True)",0.3,0.7,30,0.5741427884285027,"[[17.         32.33333333]
 [ 9.66666667 39.66666667]]","{'truefalse': 0.8128174082669087, 'other': 0.3541666666666667}","{'truefalse': 0.5592520641087907, 'other': 0.6859096188364481}","{'truefalse': 0.6534588649467888, 'other': 0.4352195697023283}"
FTTTF,VraiFaux_Other,MultinomialNB,"KFold(n_splits=3, random_state=30, shuffle=True)",0.3,0.7,30,0.5912870198584484,"[[26.33333333 23.        ]
 [17.33333333 32.        ]]","{'truefalse': 0.6642170876355116, 'other': 0.5452898550724637}","{'truefalse': 0.5993589743589743, 'other': 0.6643790849673202}","{'truefalse': 0.6074909225301243, 'other': 0.5573721234098593}"
FTTTT,VraiFaux_Other,MultinomialNB,"KFold(n_splits=3, random_state=30, shuffle=True)",0.3,0.7,30,0.6720263863121007,"[[28.33333333 21.        ]
 [11.33333333 38.        ]]","{'truefalse': 0.7814241191044742, 'other': 0.5892713365539453}","{'truefalse': 0.6733152664859983, 'other': 0.7666446208112875}","{'truefalse': 0.7030301669622744, 'other': 0.6167403043691705}"
TFFFF,VraiFaux_Other,MultinomialNB,"KFold(n_splits=3, random_state=30, shuffle=True)",0.3,0.7,30,0.5668509305325226,"[[40.         27.33333333]
 [31.         36.33333333]]","{'truefalse': 0.5510519585172728, 'other': 0.6025035014005602}","{'truefalse': 0.598284801350455, 'other': 0.5995069384899894}","{'truefalse': 0.5149987612127329, 'other': 0.5636169542936837}"
TFFFT,VraiFaux_Other,MultinomialNB,"KFold(n_splits=3, random_state=30, shuffle=True)",0.3,0.7,30,0.6088999447208403,"[[40.33333333 27.        ]
 [25.66666667 41.66666667]]","{'truefalse': 0.6267747967906944, 'other': 0.6060136554621849}","{'truefalse': 0.6326695337106832, 'other': 0.6469210205495122}","{'truefalse': 0.6024987676916378, 'other': 0.5900823586263824}"
TFFTF,VraiFaux_Other,MultinomialNB,"KFold(n_splits=3, random_state=30, shuffle=True)",0.3,0.7,30,0.6436889625944352,"[[45.33333333 22.        ]
 [26.         41.33333333]]","{'truefalse': 0.620073050241749, 'other': 0.6759366246498599}","{'truefalse': 0.6559958875981143, 'other': 0.653513357926643}","{'truefalse': 0.6265897664753224, 'other': 0.654628592758492}"
TFFTT,VraiFaux_Other,MultinomialNB,"KFold(n_splits=3, random_state=30, shuffle=True)",0.3,0.7,30,0.6139303482587065,"[[48.33333333 19.        ]
 [33.         34.33333333]]","{'truefalse': 0.5149450809333613, 'other': 0.7217787114845938}","{'truefalse': 0.6619337390128465, 'other': 0.6018458988756018}","{'truefalse': 0.5638672438672439, 'other': 0.6488454524965682}"
TFTFF,VraiFaux_Other,MultinomialNB,"KFold(n_splits=3, random_state=30, shuffle=True)",0.3,0.7,30,0.5890915791413304,"[[38.         29.33333333]
 [26.         41.33333333]]","{'truefalse': 0.6221741205942121, 'other': 0.5709208683473389}","{'truefalse': 0.6021493079380922, 'other': 0.6239590049430475}","{'truefalse': 0.5874801727920084, 'other': 0.5652773610231295}"
TFTFT,VraiFaux_Other,MultinomialNB,"KFold(n_splits=3, random_state=30, shuffle=True)",0.3,0.7,30,0.6288004422332781,"[[41.66666667 25.66666667]
 [24.33333333 43.        ]]","{'truefalse': 0.6462559561348189, 'other': 0.625}","{'truefalse': 0.6551751189391638, 'other': 0.6557960557960558}","{'truefalse': 0.6229232433714226, 'other': 0.6176330684401852}"
TFTTF,VraiFaux_Other,MultinomialNB,"KFold(n_splits=3, random_state=30, shuffle=True)",0.3,0.7,30,0.6213561820526995,"[[43.66666667 23.66666667]
 [27.33333333 40.        ]]","{'truefalse': 0.5992397169084157, 'other': 0.6514005602240897}","{'truefalse': 0.6330872011251758, 'other': 0.6268444522936995}","{'truefalse': 0.6066102734266182, 'other': 0.6309517048612765}"
TFTTT,VraiFaux_Other,MultinomialNB,"KFold(n_splits=3, random_state=30, shuffle=True)",0.3,0.7,30,0.6137829371660217,"[[41.33333333 26.        ]
 [26.         41.33333333]]","{'truefalse': 0.6175526417209726, 'other': 0.6189863445378151}","{'truefalse': 0.6303361924479937, 'other': 0.6180784590086916}","{'truefalse': 0.6130895601483838, 'other': 0.6084245439469319}"
TTFFF,VraiFaux_Other,MultinomialNB,"KFold(n_splits=3, random_state=30, shuffle=True)",0.3,0.7,30,0.6163073521282477,"[[37.         30.33333333]
 [21.33333333 46.        ]]","{'truefalse': 0.690424418400953, 'other': 0.553343837535014}","{'truefalse': 0.6064002599090318, 'other': 0.6633964068992317}","{'truefalse': 0.6333777796845282, 'other': 0.58390459813213}"
TTFFT,VraiFaux_Other,MultinomialNB,"KFold(n_splits=3, random_state=30, shuffle=True)",0.3,0.7,30,0.6164179104477613,"[[42.33333333 25.        ]
 [26.66666667 40.66666667]]","{'truefalse': 0.6148406295984864, 'other': 0.6355567226890756}","{'truefalse': 0.6463524716725657, 'other': 0.6610385353748186}","{'truefalse': 0.5765689788460188, 'other': 0.6149873925850343}"
TTFTF,VraiFaux_Other,MultinomialNB,"KFold(n_splits=3, random_state=30, shuffle=True)",0.3,0.7,30,0.6659480375898287,"[[47.66666667 19.66666667]
 [25.33333333 42.        ]]","{'truefalse': 0.6304897169084157, 'other': 0.7114758403361345}","{'truefalse': 0.6909181859483658, 'other': 0.6749151224181511}","{'truefalse': 0.6436726737478616, 'other': 0.6792428951519861}"
TTFTT,VraiFaux_Other,MultinomialNB,"KFold(n_splits=3, random_state=30, shuffle=True)",0.3,0.7,30,0.5841901603095633,"[[48.         19.33333333]
 [36.66666667 30.66666667]]","{'truefalse': 0.46353509740032234, 'other': 0.7178571428571429}","{'truefalse': 0.6282100177981186, 'other': 0.5816912972085386}","{'truefalse': 0.503235278965535, 'other': 0.6285137559808612}"
TTTFF,VraiFaux_Other,MultinomialNB,"KFold(n_splits=3, random_state=30, shuffle=True)",0.3,0.7,30,0.586493458632762,"[[36.         31.33333333]
 [24.33333333 43.        ]]","{'truefalse': 0.6510657539765959, 'other': 0.5458070728291317}","{'truefalse': 0.633824127941775, 'other': 0.6544754041967664}","{'truefalse': 0.5700953681344846, 'other': 0.5219673537826403}"
TTTFT,VraiFaux_Other,MultinomialNB,"KFold(n_splits=3, random_state=30, shuffle=True)",0.3,0.7,30,0.5618021006080708,"[[34.66666667 32.66666667]
 [26.33333333 41.        ]]","{'truefalse': 0.6194883855371032, 'other': 0.5242734593837536}","{'truefalse': 0.5858488201382174, 'other': 0.601851851851852}","{'truefalse': 0.5537545161605313, 'other': 0.5139248285231636}"
TTTTF,VraiFaux_Other,MultinomialNB,"KFold(n_splits=3, random_state=30, shuffle=True)",0.3,0.7,30,0.6384927215772987,"[[44.         23.33333333]
 [25.33333333 42.        ]]","{'truefalse': 0.6289043339639829, 'other': 0.6592874649859944}","{'truefalse': 0.6668165813940693, 'other': 0.6452278704351011}","{'truefalse': 0.6281362995648709, 'other': 0.6380671739162306}"
TTTTT,VraiFaux_Other,MultinomialNB,"KFold(n_splits=3, random_state=30, shuffle=True)",0.3,0.7,30,0.633665008291874,"[[42.33333333 25.        ]
 [24.33333333 43.        ]]","{'truefalse': 0.6450428316165651, 'other': 0.6341911764705882}","{'truefalse': 0.6528294862248697, 'other': 0.6537593984962405}","{'truefalse': 0.6276381189500616, 'other': 0.6267946009809889}"
FFFFF,VraiFaux_Other,Xgboost,"KFold(n_splits=3, random_state=30, shuffle=True)",0.3,0.7,30,0.5576513433656292,"[[26.66666667 22.66666667]
 [21.         28.33333333]]","{'truefalse': 0.5788041345754998, 'other': 0.5381105743424585}","{'truefalse': 0.5556963298139769, 'other': 0.5604284266898248}","{'truefalse': 0.5659683188553909, 'other': 0.548063227375369}"
FFFFT,VraiFaux_Other,Xgboost,"KFold(n_splits=3, random_state=30, shuffle=True)",0.3,0.7,30,0.6214869786298358,"[[31.         18.33333333]
 [19.         30.33333333]]","{'truefalse': 0.6172799022410564, 'other': 0.633588298443371}","{'truefalse': 0.6300248865466257, 'other': 0.6218993602348876}","{'truefalse': 0.6193181818181818, 'other': 0.6234162935193863}"
FFFTF,VraiFaux_Other,Xgboost,"KFold(n_splits=3, random_state=30, shuffle=True)",0.3,0.7,30,0.5879887308458738,"[[29.66666667 19.66666667]
 [21.         28.33333333]]","{'truefalse': 0.5775176851758427, 'other': 0.6011808910359635}","{'truefalse': 0.5936285936285937, 'other': 0.5847582205029013}","{'truefalse': 0.5834410389640531, 'other': 0.5909902326265014}"
FFFTT,VraiFaux_Other,Xgboost,"KFold(n_splits=3, random_state=30, shuffle=True)",0.3,0.7,30,0.5779220779220778,"[[28.66666667 20.66666667]
 [21.         28.33333333]]","{'truefalse': 0.5792974136481351, 'other': 0.5782340311325819}","{'truefalse': 0.5778344671201814, 'other': 0.5786314525810323}","{'truefalse': 0.5775222683558678, 'other': 0.5774530410702966}"
FFTFF,VraiFaux_Other,Xgboost,"KFold(n_splits=3, random_state=30, shuffle=True)",0.3,0.7,30,0.6014911014911015,"[[26.33333333 23.        ]
 [16.33333333 33.        ]]","{'truefalse': 0.674273254184464, 'other': 0.5349906065485777}","{'truefalse': 0.5928813559322034, 'other': 0.6201421594278737}","{'truefalse': 0.6275963518681965, 'other': 0.5704849856802318}"
FFTFT,VraiFaux_Other,Xgboost,"KFold(n_splits=3, random_state=30, shuffle=True)",0.3,0.7,30,0.645227788084931,"[[30.33333333 19.        ]
 [16.         33.33333333]]","{'truefalse': 0.675610152580186, 'other': 0.6149355877616748}","{'truefalse': 0.6352100840336136, 'other': 0.6561692506459949}","{'truefalse': 0.6539723450143017, 'other': 0.6340480545737116}"
FFTTF,VraiFaux_Other,Xgboost,"KFold(n_splits=3, random_state=30, shuffle=True)",0.3,0.7,30,0.6249226963512678,"[[33.33333333 16.        ]
 [21.         28.33333333]]","{'truefalse': 0.569798988777901, 'other': 0.6758588298443371}","{'truefalse': 0.6339882943143812, 'other': 0.6134050678154216}","{'truefalse': 0.6001697921624233, 'other': 0.643113011237261}"
FFTTT,VraiFaux_Other,Xgboost,"KFold(n_splits=3, random_state=30, shuffle=True)",0.3,0.7,30,0.651996151996152,"[[30.66666667 18.66666667]
 [15.66666667 33.66666667]]","{'truefalse': 0.6811595421473334, 'other': 0.6223161567364466}","{'truefalse': 0.6437873394972023, 'other': 0.6598639455782312}","{'truefalse': 0.6611141745550347, 'other': 0.6396076721216155}"
FTFFF,VraiFaux_Other,Xgboost,"KFold(n_splits=3, random_state=30, shuffle=True)",0.3,0.7,30,0.5508486222771937,"[[25.33333333 24.        ]
 [20.33333333 29.        ]]","{'truefalse': 0.5949954595903542, 'other': 0.5138888888888888}","{'truefalse': 0.5474709657874449, 'other': 0.5638247863247864}","{'truefalse': 0.5666069205875031, 'other': 0.5335397027719805}"
FTFFT,VraiFaux_Other,Xgboost,"KFold(n_splits=3, random_state=30, shuffle=True)",0.3,0.7,30,0.5881605167319454,"[[26.33333333 23.        ]
 [17.66666667 31.66666667]]","{'truefalse': 0.6514955324611261, 'other': 0.5321054750402576}","{'truefalse': 0.5770591459464846, 'other': 0.6138898290061081}","{'truefalse': 0.6075100376542054, 'other': 0.5645742272708566}"
FTFTF,VraiFaux_Other,Xgboost,"KFold(n_splits=3, random_state=30, shuffle=True)",0.3,0.7,30,0.5810829382257955,"[[29.         20.33333333]
 [21.         28.33333333]]","{'truefalse': 0.5783108555028643, 'other': 0.5916196994095545}","{'truefalse': 0.5857414726979945, 'other': 0.5847458545279227}","{'truefalse': 0.5778619528619529, 'other': 0.5840025482232881}"
FTFTT,VraiFaux_Other,Xgboost,"KFold(n_splits=3, random_state=30, shuffle=True)",0.3,0.7,30,0.6317941317941318,"[[30.         19.33333333]
 [17.         32.33333333]]","{'truefalse': 0.6567954797699526, 'other': 0.6076892109500805}","{'truefalse': 0.6256011838697743, 'other': 0.6380280604378662}","{'truefalse': 0.6400490682866989, 'other': 0.6218072894245946}"
FTTFF,VraiFaux_Other,Xgboost,"KFold(n_splits=3, random_state=30, shuffle=True)",0.3,0.7,30,0.5810142238713666,"[[26.         23.33333333]
 [18.         31.33333333]]","{'truefalse': 0.6371876366326976, 'other': 0.5299248523886205}","{'truefalse': 0.5755521314843349, 'other': 0.5935453435453435}","{'truefalse': 0.602071102471628, 'other': 0.5568365172621906}"
FTTFT,VraiFaux_Other,Xgboost,"KFold(n_splits=3, random_state=30, shuffle=True)",0.3,0.7,30,0.6046176046176046,"[[28.33333333 21.        ]
 [18.         31.33333333]]","{'truefalse': 0.634368098297066, 'other': 0.5774288781535158}","{'truefalse': 0.5985134794658604, 'other': 0.6136026936026936}","{'truefalse': 0.6143391188251001, 'other': 0.5934065934065934}"
FTTTF,VraiFaux_Other,Xgboost,"KFold(n_splits=3, random_state=30, shuffle=True)",0.3,0.7,30,0.5844499415927987,"[[29.33333333 20.        ]
 [21.         28.33333333]]","{'truefalse': 0.5741516160495074, 'other': 0.5945719269994633}","{'truefalse': 0.5854682298451296, 'other': 0.582483660130719}","{'truefalse': 0.5792286145227322, 'other': 0.5879535147392291}"
FTTTT,VraiFaux_Other,Xgboost,"KFold(n_splits=3, random_state=30, shuffle=True)",0.3,0.7,30,0.5912526626812341,"[[29.33333333 20.        ]
 [20.33333333 29.        ]]","{'truefalse': 0.5874701510106616, 'other': 0.5921229200214708}","{'truefalse': 0.5904139433551199, 'other': 0.5888364779874213}","{'truefalse': 0.5888496280102361, 'other': 0.5903841055213097}"
TFFFF,VraiFaux_Other,Xgboost,"KFold(n_splits=3, random_state=30, shuffle=True)",0.3,0.7,30,0.5891837110742584,"[[38.66666667 28.66666667]
 [26.66666667 40.66666667]]","{'truefalse': 0.6049878249597085, 'other': 0.5742209383753502}","{'truefalse': 0.5863561591201085, 'other': 0.592854630168063}","{'truefalse': 0.5950617283950618, 'other': 0.5829116951923969}"
TFFFT,VraiFaux_Other,Xgboost,"KFold(n_splits=3, random_state=30, shuffle=True)",0.3,0.7,30,0.5841901603095633,"[[41.         26.33333333]
 [29.66666667 37.66666667]]","{'truefalse': 0.5601197358279028, 'other': 0.607781862745098}","{'truefalse': 0.5899922142315651, 'other': 0.5791459053092064}","{'truefalse': 0.5739221545840252, 'other': 0.5925098519442568}"
TFFTF,VraiFaux_Other,Xgboost,"KFold(n_splits=3, random_state=30, shuffle=True)",0.3,0.7,30,0.5741109268472453,"[[37.         30.33333333]
 [27.         40.33333333]]","{'truefalse': 0.5985663671081213, 'other': 0.5528098739495798}","{'truefalse': 0.5756173896499239, 'other': 0.576217281821052}","{'truefalse': 0.5850418078235824, 'other': 0.5623357406303143}"
TFFTT,VraiFaux_Other,Xgboost,"KFold(n_splits=3, random_state=30, shuffle=True)",0.3,0.7,30,0.5817025981205085,"[[37.66666667 29.66666667]
 [26.66666667 40.66666667]]","{'truefalse': 0.6061089797491416, 'other': 0.560688025210084}","{'truefalse': 0.5795056896426759, 'other': 0.58851983476095}","{'truefalse': 0.5904935752890225, 'other': 0.5721345306160628}"
TFTFF,VraiFaux_Other,Xgboost,"KFold(n_splits=3, random_state=30, shuffle=True)",0.3,0.7,30,0.5815736134144094,"[[36.33333333 31.        ]
 [25.33333333 42.        ]]","{'truefalse': 0.6236751979538925, 'other': 0.5408876050420168}","{'truefalse': 0.575933075933076, 'other': 0.5897435897435898}","{'truefalse': 0.5981521775322506, 'other': 0.5634901113098788}"
TFTFT,VraiFaux_Other,Xgboost,"KFold(n_splits=3, random_state=30, shuffle=True)",0.3,0.7,30,0.5470057121798415,"[[35.         32.33333333]
 [28.66666667 38.66666667]]","{'truefalse': 0.5758388953121715, 'other': 0.520500700280112}","{'truefalse': 0.5456084240451876, 'other': 0.5511936339522547}","{'truefalse': 0.5591054490134147, 'other': 0.5340683621933623}"
TFTTF,VraiFaux_Other,Xgboost,"KFold(n_splits=3, random_state=30, shuffle=True)",0.3,0.7,30,0.5840796019900497,"[[38.66666667 28.66666667]
 [27.33333333 40.        ]]","{'truefalse': 0.5922368789853549, 'other': 0.574641106442577}","{'truefalse': 0.5808906332803391, 'other': 0.5865932471797168}","{'truefalse': 0.5862053012355722, 'other': 0.5802505289885738}"
TFTTT,VraiFaux_Other,Xgboost,"KFold(n_splits=3, random_state=30, shuffle=True)",0.3,0.7,30,0.5791044776119403,"[[37.66666667 29.66666667]
 [27.         40.33333333]]","{'truefalse': 0.5969787944082405, 'other': 0.5597689075630252}","{'truefalse': 0.5744873670861379, 'other': 0.5829471182412359}","{'truefalse': 0.5854093996600641, 'other': 0.5709993674889311}"
TTFFF,VraiFaux_Other,Xgboost,"KFold(n_splits=3, random_state=30, shuffle=True)",0.3,0.7,30,0.6262576008844666,"[[38.33333333 29.        ]
 [21.33333333 46.        ]]","{'truefalse': 0.684262446569967, 'other': 0.5679534313725491}","{'truefalse': 0.6126233632455776, 'other': 0.6436507936507936}","{'truefalse': 0.6461356333502452, 'other': 0.6029994340690435}"
TTFFT,VraiFaux_Other,Xgboost,"KFold(n_splits=3, random_state=30, shuffle=True)",0.3,0.7,30,0.6187949143173024,"[[39.         28.33333333]
 [23.         44.33333333]]","{'truefalse': 0.6585930383294794, 'other': 0.579875700280112}","{'truefalse': 0.6104068857589985, 'other': 0.6292898745519713}","{'truefalse': 0.6331123998895333, 'other': 0.6030618686868686}"
TTFTF,VraiFaux_Other,Xgboost,"KFold(n_splits=3, random_state=30, shuffle=True)",0.3,0.7,30,0.6038879675695595,"[[41.         26.33333333]
 [27.         40.33333333]]","{'truefalse': 0.60062035771845, 'other': 0.610766806722689}","{'truefalse': 0.6088786429872496, 'other': 0.6038466253314666}","{'truefalse': 0.60226378231211, 'other': 0.6047724004820411}"
TTFTT,VraiFaux_Other,Xgboost,"KFold(n_splits=3, random_state=30, shuffle=True)",0.3,0.7,30,0.5645107794361526,"[[41.         26.33333333]
 [32.33333333 35.        ]]","{'truefalse': 0.5215811348188634, 'other': 0.6083333333333333}","{'truefalse': 0.5747354497354498, 'other': 0.5580722606039061}","{'truefalse': 0.5446776437118022, 'other': 0.5802288970227901}"
TTTFF,VraiFaux_Other,Xgboost,"KFold(n_splits=3, random_state=30, shuffle=True)",0.3,0.7,30,0.6435968306615073,"[[42.         25.33333333]
 [22.66666667 44.66666667]]","{'truefalse': 0.6662298104547685, 'other': 0.624185924369748}","{'truefalse': 0.6373089983022071, 'other': 0.6556855431642912}","{'truefalse': 0.649177190198862, 'other': 0.6371575401117329}"
TTTFT,VraiFaux_Other,Xgboost,"KFold(n_splits=3, random_state=30, shuffle=True)",0.3,0.7,30,0.5818500092131932,"[[37.         30.33333333]
 [26.         41.33333333]]","{'truefalse': 0.6159179892789574, 'other': 0.5501838235294118}","{'truefalse': 0.5792168257921683, 'other': 0.5874055192464894}","{'truefalse': 0.595647661341092, 'other': 0.5667094947804083}"
TTTTF,VraiFaux_Other,Xgboost,"KFold(n_splits=3, random_state=30, shuffle=True)",0.3,0.7,30,0.5990234015109638,"[[39.33333333 28.        ]
 [26.         41.33333333]]","{'truefalse': 0.6134917402424497, 'other': 0.5826855742296919}","{'truefalse': 0.5958179314343699, 'other': 0.6010086805179945}","{'truefalse': 0.6043309709188031, 'other': 0.5914943459202027}"
TTTTT,VraiFaux_Other,Xgboost,"KFold(n_splits=3, random_state=30, shuffle=True)",0.3,0.7,30,0.589110005527916,"[[40.66666667 26.66666667]
 [28.66666667 38.66666667]]","{'truefalse': 0.5729440386097681, 'other': 0.6035189075630253}","{'truefalse': 0.5905242298684922, 'other': 0.5862612273571177}","{'truefalse': 0.5815731785944552, 'other': 0.594747349044619}"